{"id":"ab151821-4464-11f0-abf5-405bd80d5786","name":"APICheckFraud","key":"apiFraudCheck","description":"","editorJson":{"name":"APICheckFraud","key":"apiFraudCheck","version":0,"fields":[{"fieldType":"FormField","id":"name","name":"name","type":"text","value":null,"required":false,"readOnly":false,"overrideId":false,"placeholder":"","layout":null},{"fieldType":"FormField","id":"address","name":"Address","type":"text","value":null,"required":false,"readOnly":false,"overrideId":false,"placeholder":"","layout":null},{"fieldType":"FormField","id":"loanammount","name":"loanAmmount","type":"integer","value":null,"required":false,"readOnly":false,"overrideId":false,"placeholder":"","layout":null},{"fieldType":"FormField","id":"approval","name":"Approval?","type":"boolean","value":null,"required":false,"readOnly":false,"overrideId":false,"placeholder":null,"layout":null}],"outcomes":[]}}