{"id":"09ae164e-4458-11f0-abf5-405bd80d5786","name":"Loan Request","key":"loanRequest","description":"","editorJson":{"name":"Loan Request","key":"loanRequest","version":0,"fields":[{"fieldType":"FormField","id":"initialloancheck","name":"Initial Loan Check","type":"headline","value":null,"required":false,"readOnly":false,"overrideId":false,"placeholder":null,"layout":null},{"fieldType":"FormField","id":"name","name":"Name","type":"text","value":null,"required":false,"readOnly":false,"overrideId":false,"placeholder":null,"layout":null},{"fieldType":"FormField","id":"age","name":"Age","type":"integer","value":null,"required":false,"readOnly":false,"overrideId":false,"placeholder":null,"layout":null},{"fieldType":"FormField","id":"address","name":"Address","type":"text","value":null,"required":false,"readOnly":false,"overrideId":false,"placeholder":null,"layout":null},{"fieldType":"OptionFormField","id":"country","name":"Country","type":"dropdown","value":"Please choose one...","required":false,"readOnly":false,"overrideId":false,"placeholder":null,"layout":null,"optionType":null,"hasEmptyValue":true,"options":[{"id":null,"name":"Please choose one..."},{"id":null,"name":"Germany"},{"id":null,"name":"Vietnam"},{"id":null,"name":"USA"}],"optionsExpression":null},{"fieldType":"FormField","id":"loanammount","name":"Loan Ammount","type":"integer","value":null,"required":false,"readOnly":false,"overrideId":false,"placeholder":null,"layout":null},{"fieldType":"FormField","id":"revelantdocuments","name":"Revelant Documents","type":"upload","value":null,"required":false,"readOnly":false,"overrideId":false,"placeholder":null,"layout":null},{"fieldType":"FormField","id":"mockfraudapiifcheckedapiresultnofraudifnotcheckedresultfraud","name":"Mock Fraud API. If Checked API result : NoFraud if not Checked result : Fraud","type":"headline","value":null,"required":false,"readOnly":false,"overrideId":false,"placeholder":null,"layout":null},{"fieldType":"FormField","id":"FraudMockDecision","name":"Fraud Decision ?","type":"boolean","value":null,"required":false,"readOnly":false,"overrideId":true,"placeholder":null,"layout":null}],"outcomes":[]}}