{"id":"6b10175e-4542-11f0-abf5-405bd80d5786","name":"Manager Decision","key":"managerDecision","description":"","editorJson":{"name":"Manager Decision","key":"managerDecision","version":0,"fields":[{"fieldType":"FormField","id":"risktable","name":"Risk Decision","type":"text","value":null,"required":false,"readOnly":false,"overrideId":true,"placeholder":null,"layout":null},{"fieldType":"FormField","id":"name","name":"Name","type":"text","value":null,"required":false,"readOnly":false,"overrideId":false,"placeholder":null,"layout":null},{"fieldType":"FormField","id":"age","name":"Age","type":"text","value":null,"required":false,"readOnly":false,"overrideId":false,"placeholder":null,"layout":null},{"fieldType":"FormField","id":"address","name":"Address","type":"text","value":null,"required":false,"readOnly":false,"overrideId":false,"placeholder":null,"layout":null},{"fieldType":"FormField","id":"country","name":"country","type":"text","value":null,"required":false,"readOnly":false,"overrideId":false,"placeholder":null,"layout":null},{"fieldType":"OptionFormField","id":"decisionManager","name":"Decision","type":"radio-buttons","value":"Option 1","required":true,"readOnly":false,"overrideId":true,"placeholder":null,"layout":null,"optionType":null,"hasEmptyValue":null,"options":[{"id":null,"name":"Option 1"},{"id":null,"name":"Approved"},{"id":null,"name":"Rejected"}],"optionsExpression":null}],"outcomes":[]}}