{"id":"ee61024b-4451-11f0-abf5-405bd80d5786","name":"Loan Request","key":"LoanRequest","description":"Loan Application Request","editorJson":{"modelId":"ee61024b-4451-11f0-abf5-405bd80d5786","bounds":{"lowerRight":{"x":1537.9998529255506,"y":1050},"upperLeft":{"x":0,"y":0}},"properties":{"process_id":"LoanRequest","name":"Loan Request","documentation":"Loan Application Request","process_author":"","process_version":"","process_namespace":"http://www.flowable.org/processdef","process_historylevel":"","isexecutable":true,"dataproperties":"null","executionlisteners":"","eventlisteners":"","signaldefinitions":"","messagedefinitions":"","escalationdefinitions":"","process_potentialstarteruser":"","process_potentialstartergroup":"","iseagerexecutionfetch":"false"},"childShapes":[{"resourceId":"startEvent1","properties":{"overrideid":"startProcess","name":"startProcess","documentation":"","executionlisteners":"","initiator":"","formkeydefinition":"","formreference":"","formfieldvalidation":true,"formproperties":""},"stencil":{"id":"StartNoneEvent"},"childShapes":[],"outgoing":[{"resourceId":"sid-A5BAF656-56A9-419E-B01F-5F3DAE46CE6E"}],"bounds":{"lowerRight":{"x":70,"y":237.99998646974652},"upperLeft":{"x":40,"y":207.99998646974652}},"dockers":[]},{"resourceId":"sid-0189832A-9AC3-414A-86D4-16E4608EFF44","properties":{"overrideid":"fraudAPI","name":"Check Fraud API","documentation":"","asynchronousdefinition":"false","exclusivedefinition":"false","executionlisteners":"","multiinstance_type":"None","multiinstance_variableaggregations":"","multiinstance_cardinality":"","multiinstance_collection":"","multiinstance_variable":"","multiinstance_condition":"","isforcompensation":"false","httptaskrequestmethod":"","httptaskrequesturl":"${mockyUrl}","httptaskrequestheaders":"","httptaskrequestbody":"{\n  \"name\": \"${execution.getVariable('name')}\",\n  \"country\": \"${execution.getVariable('country')}\",\n  \"address\": \"${execution.getVariable('address')}\",\n  \"loan_amount\": \"${execution.getVariable('loan_amount')}\",\n  \"date_of_birth\": \"${execution.getVariable('age')}\"\n}","httptaskrequestbodyencoding":"","httptaskrequesttimeout":"60","httptaskdisallowredirects":"","httptaskfailstatuscodes":"400","httptaskhandlestatuscodes":"","httptaskignoreexception":true,"httptaskresponsevariablename":"apiResult","httptasksaverequestvariables":"","httptasksaveresponseparameters":"","httptaskresultvariableprefix":"","httptasksaveresponseparameterstransient":"","httptasksaveresponseasjson":"","httptaskparallelinsametransaction":false,"skipexpression":""},"stencil":{"id":"HttpTask"},"childShapes":[],"outgoing":[{"resourceId":"sid-AFDA0EAE-B197-4930-9C2A-6F7759022867"}],"bounds":{"lowerRight":{"x":484.99999396502983,"y":262.9999952614309},"upperLeft":{"x":384.99999396502983,"y":182.9999952614309}},"dockers":[]},{"resourceId":"sid-AFDA0EAE-B197-4930-9C2A-6F7759022867","properties":{"overrideid":"","name":"","documentation":"","conditionsequenceflow":"","executionlisteners":"","defaultflow":"false","skipexpression":"","showdiamondmarker":false},"stencil":{"id":"SequenceFlow"},"childShapes":[],"outgoing":[{"resourceId":"sid-6F6B87AF-1314-4CCB-BD5D-B064CF091600"}],"bounds":{"lowerRight":{"x":509.97157694221755,"y":223.31391347850976},"upperLeft":{"x":485.1580626297151,"y":223.21001525650195}},"dockers":[{"x":50,"y":40},{"x":20.33689800502816,"y":40.39920056297386}],"target":{"resourceId":"sid-6F6B87AF-1314-4CCB-BD5D-B064CF091600"}},{"resourceId":"sid-E69A8E2D-5CBD-42B3-8907-D803B804F4A8","properties":{"overrideid":"fraudCheck","name":"Is Fraudlent ?","documentation":"Needs Human Check?","asynchronousdefinition":"false","exclusivedefinition":"false","sequencefloworder":""},"stencil":{"id":"ExclusiveGateway"},"childShapes":[],"outgoing":[{"resourceId":"sid-6E31A077-4F0E-4CF4-8F0C-E1D3622D4100"},{"resourceId":"sid-61B30766-BFD2-4A13-B3E4-39787DC6CFC0"}],"bounds":{"lowerRight":{"x":694.9999917298557,"y":242.9999929070475},"upperLeft":{"x":654.9999917298557,"y":202.9999929070475}},"dockers":[]},{"resourceId":"sid-9B80725F-C14C-43E5-BC97-70B0FAF3FD96","properties":{"overrideid":"APIResultCheck","name":"Loan Officers After Fraud Check","documentation":"","asynchronousdefinition":"false","exclusivedefinition":"false","executionlisteners":"","multiinstance_type":"None","multiinstance_variableaggregations":"","multiinstance_cardinality":"","multiinstance_collection":"","multiinstance_variable":"","multiinstance_condition":"","isforcompensation":"false","usertaskassignment":{"assignment":{"type":"idm","idm":{"type":"groups","candidateGroups":[{"id":"LoanOfficers","name":"Loan Officers","type":"assignment","$$hashKey":"object:1487"}]},"initiatorCanCompleteTask":false}},"formkeydefinition":"","formreference":{"id":"ab151821-4464-11f0-abf5-405bd80d5786","name":"APICheckFraud","key":"apiFraudCheck"},"formfieldvalidation":"","duedatedefinition":"","prioritydefinition":"","formproperties":null,"tasklisteners":"","skipexpression":"","categorydefinition":"","taskidvariablename":""},"stencil":{"id":"UserTask"},"childShapes":[],"outgoing":[{"resourceId":"sid-E78E3F31-5D54-447B-927F-4354B2F9DE09"}],"bounds":{"lowerRight":{"x":839.9999505281476,"y":139.9999937415128},"upperLeft":{"x":739.9999505281476,"y":59.99999374151281}},"dockers":[]},{"resourceId":"sid-3F8BABB3-9A10-438A-8A0E-13C97D156FCE","properties":{"overrideid":"rejectionDecision","name":"Human Check Decision?","documentation":"is Rejection ?","asynchronousdefinition":"false","exclusivedefinition":"false","sequencefloworder":""},"stencil":{"id":"ExclusiveGateway"},"childShapes":[],"outgoing":[{"resourceId":"sid-63A71ADA-293E-4272-94E8-5E0083F7C256"},{"resourceId":"sid-DED735ED-E564-482F-82CA-A0D5D0A7D669"}],"bounds":{"lowerRight":{"x":989.9998930096715,"y":119.99999269843157},"upperLeft":{"x":949.9998930096715,"y":79.99999269843157}},"dockers":[]},{"resourceId":"sid-F255AE7A-DEFD-42B6-B330-D928B841AC41","properties":{"overrideid":"","name":"end Process","documentation":"","executionlisteners":""},"stencil":{"id":"EndNoneEvent"},"childShapes":[],"outgoing":[],"bounds":{"lowerRight":{"x":1437.9998529255506,"y":243.99995692074853},"upperLeft":{"x":1409.9998529255506,"y":215.99995692074853}},"dockers":[]},{"resourceId":"sid-64B52CE0-592D-4BEB-BEDB-604252BBC529","properties":{"overrideid":"managerdecision","name":"Manager Decision ?","documentation":"","asynchronousdefinition":"false","exclusivedefinition":"false","sequencefloworder":""},"stencil":{"id":"ExclusiveGateway"},"childShapes":[],"outgoing":[{"resourceId":"sid-042338D4-F738-450C-9896-1B5BE4941EB4"},{"resourceId":"sid-6F667B7C-5C67-48A6-821D-8E92691D05AC"}],"bounds":{"lowerRight":{"x":1179.9998826533647,"y":249.99997809529475},"upperLeft":{"x":1139.9998826533647,"y":209.99997809529475}},"dockers":[]},{"resourceId":"sid-47F22C2C-595E-4C84-AF10-585DC7F91EEC","properties":{"scriptformat":"groovy","scripttext":"import org.slf4j.Logger\nimport org.slf4j.LoggerFactory\n\nLogger log = LoggerFactory.getLogger(\"flowable.script\")\n\nexecution.setVariable(\"status\", \"rejected\")\nlog.info(\"Process status set to: rejected\")","overrideid":"processrejection","name":"Set Process Rejection Status","documentation":"","asynchronousdefinition":"false","exclusivedefinition":"false","executionlisteners":"","multiinstance_type":"None","multiinstance_variableaggregations":"","multiinstance_cardinality":"","multiinstance_collection":"","multiinstance_variable":"","multiinstance_condition":"","skipexpression":"","isforcompensation":"false","scriptautostorevariables":"false","type":"http://b3mn.org/stencilset/bpmn2.0#ServiceTask","servicetasktriggerable":true,"servicetaskclass":"","servicetaskexpression":"","servicetaskdelegateexpression":"","servicetaskfields":"","servicetaskexceptions":"","servicetaskresultvariable":"","servicetaskuselocalscopeforresultvariable":"false","servicetaskfailedjobretrytimecycle":"","servicetaskstoreresultvariabletransient":"false"},"stencil":{"id":"ScriptTask"},"childShapes":[],"outgoing":[{"resourceId":"sid-F0F706EA-0288-4665-B10D-8A6F784BF529"}],"bounds":{"lowerRight":{"x":1209.9999421089917,"y":139.99998956918827},"upperLeft":{"x":1109.9999421089917,"y":59.999989569188266}},"dockers":[]},{"resourceId":"sid-3F4B5D18-CEF3-4309-9498-A8553A5A0C3C","properties":{"overrideid":"finalCheck","name":"Manager Loan Check","documentation":"","asynchronousdefinition":"false","exclusivedefinition":"false","executionlisteners":"","multiinstance_type":"None","multiinstance_variableaggregations":"","multiinstance_cardinality":"","multiinstance_collection":"","multiinstance_variable":"","multiinstance_condition":"","isforcompensation":"false","usertaskassignment":{"assignment":{"type":"idm","idm":{"type":"groups","candidateGroups":[{"id":"loanManager","name":"Loan Manager","type":"assignment","$$hashKey":"object:1692"}]},"initiatorCanCompleteTask":true}},"formkeydefinition":"","formreference":{"id":"6b10175e-4542-11f0-abf5-405bd80d5786","name":"Manager Decision","key":"managerDecision"},"formfieldvalidation":true,"duedatedefinition":"","prioritydefinition":"","formproperties":null,"tasklisteners":"","skipexpression":"","categorydefinition":"","taskidvariablename":""},"stencil":{"id":"UserTask"},"childShapes":[],"outgoing":[{"resourceId":"sid-42D08794-24AF-4967-9DF1-6D4FA47EE532"}],"bounds":{"lowerRight":{"x":1149.9999483674792,"y":379.999968707564},"upperLeft":{"x":1049.9999483674792,"y":299.99996870756394}},"dockers":[]},{"resourceId":"sid-61FF6B1A-B071-4D7A-8D7D-FADE9D794671","properties":{"overrideid":"initialCheck","name":"Loan Officer Initial Check","documentation":"","asynchronousdefinition":"false","exclusivedefinition":"false","executionlisteners":"","multiinstance_type":"None","multiinstance_variableaggregations":"","multiinstance_cardinality":"","multiinstance_collection":"","multiinstance_variable":"","multiinstance_condition":"","isforcompensation":"false","usertaskassignment":{"assignment":{"type":"idm","idm":{"type":"groups","candidateGroups":[{"id":"LoanOfficers","name":"Loan Officers","type":"assignment","$$hashKey":"object:1007"}]},"initiatorCanCompleteTask":true}},"formkeydefinition":"","formreference":{"id":"09ae164e-4458-11f0-abf5-405bd80d5786","name":"Loan Request","key":"loanRequest"},"formfieldvalidation":"","duedatedefinition":"","prioritydefinition":"","formproperties":null,"tasklisteners":null,"skipexpression":"","categorydefinition":"","taskidvariablename":""},"stencil":{"id":"UserTask"},"childShapes":[],"outgoing":[{"resourceId":"sid-8050DB06-537B-4BD7-B077-4D18F53DBDC5"}],"bounds":{"lowerRight":{"x":209.99998904764746,"y":262.99998777359804},"upperLeft":{"x":109.99998904764743,"y":182.99998777359804}},"dockers":[]},{"resourceId":"sid-97C61C8F-8035-49BA-AFA1-0198A547AD0E","properties":{"scriptformat":"groovy","scripttext":"import org.slf4j.Logger\nimport org.slf4j.LoggerFactory\n\nLogger log = LoggerFactory.getLogger(\"flowable.script\")\n\n// Retrieve FraudMockDecision from process variables\nboolean FraudMockDecision = execution.getVariable(\"FraudMockDecision\")\n\n// Set the correct Mocky API URL based on FraudMockDecision\nString mockyUrl = FraudMockDecision ? \n    \"https://run.mocky.io/v3/aa346f80-5394-42c7-829c-b30ee5b999ba\" : \n    \"https://run.mocky.io/v3/425a5c75-1995-436d-b438-00a2570b1bf8\"\n\n// Store the chosen URL in Flowable process variable\nexecution.setVariable(\"mockyUrl\", mockyUrl)\n\n// Logging information\nlog.info(\"FraudMockDecision: {}\", FraudMockDecision)\nlog.info(\"Selected Mocky URL: {}\", mockyUrl)","overrideid":"log","name":"Set Mock and Log Example","documentation":"","asynchronousdefinition":"false","exclusivedefinition":"false","executionlisteners":"","multiinstance_type":"None","multiinstance_variableaggregations":"","multiinstance_cardinality":"","multiinstance_collection":"","multiinstance_variable":"","multiinstance_condition":"","skipexpression":"","isforcompensation":"false","scriptautostorevariables":"false","type":"http://b3mn.org/stencilset/bpmn2.0#UserTask","usertaskassignment":"","formkeydefinition":"","formreference":"","formfieldvalidation":true,"duedatedefinition":"","prioritydefinition":"","formproperties":"","tasklisteners":"","categorydefinition":"","taskidvariablename":""},"stencil":{"id":"ScriptTask"},"childShapes":[],"outgoing":[{"resourceId":"sid-AD4A0449-37B5-4324-83E9-16D56A422C91"}],"bounds":{"lowerRight":{"x":349.9999859184034,"y":262.9999857172379},"upperLeft":{"x":249.9999859184034,"y":182.9999857172379}},"dockers":[]},{"resourceId":"sid-AD4A0449-37B5-4324-83E9-16D56A422C91","properties":{"overrideid":"","name":"","documentation":"","conditionsequenceflow":"","executionlisteners":"","defaultflow":"false","skipexpression":""},"stencil":{"id":"SequenceFlow"},"childShapes":[],"outgoing":[{"resourceId":"sid-0189832A-9AC3-414A-86D4-16E4608EFF44"}],"bounds":{"lowerRight":{"x":384.4296785104092,"y":222.99999168622483},"upperLeft":{"x":350.5703013730241,"y":222.99998929244398}},"dockers":[{"x":50,"y":40},{"x":50,"y":40}],"target":{"resourceId":"sid-0189832A-9AC3-414A-86D4-16E4608EFF44"}},{"resourceId":"sid-6F6B87AF-1314-4CCB-BD5D-B064CF091600","properties":{"scriptformat":"groovy","scripttext":"import org.slf4j.Logger\nimport org.slf4j.LoggerFactory\n\nLogger log = LoggerFactory.getLogger(\"flowable.script\")\n\nlog.info(\"------ Logging Variables ------\")\nlog.info(\"API Response (Raw): {}\", execution.getVariable(\"apiResult\"))\nlog.info(\"--------------------------------\")\n\ndef rawApiResult = execution.getVariable(\"apiResult\")\n\nlog.info(\"API Result Exists: {}\", rawApiResult != null)\n\nif (rawApiResult != null) {\n    log.info(\"API Result Type: {}\", rawApiResult.getClass())\n\n    if (rawApiResult instanceof String) {\n        rawApiResult = rawApiResult.replaceAll('[{}\"]', '').split(':')[1].trim()\n    }\n\n    execution.setVariable(\"apiResultResult\", rawApiResult)\n    log.info(\"Extracted Result: {}\", rawApiResult)\n} else {\n    log.warn(\"API Response variable is missing!\")\n}\n\nlog.info(\"Available Variables: {}\", execution.getVariables())","overrideid":"log1","name":"Map API Result","documentation":"","asynchronousdefinition":"false","exclusivedefinition":"false","executionlisteners":"","multiinstance_type":"None","multiinstance_variableaggregations":"","multiinstance_cardinality":"","multiinstance_collection":"","multiinstance_variable":"","multiinstance_condition":"","skipexpression":"","isforcompensation":"false","scriptautostorevariables":"false","type":"http://b3mn.org/stencilset/bpmn2.0#UserTask","usertaskassignment":"","formkeydefinition":"","formreference":"","formfieldvalidation":true,"duedatedefinition":"","prioritydefinition":"","formproperties":"","tasklisteners":"","categorydefinition":"","taskidvariablename":""},"stencil":{"id":"ScriptTask"},"childShapes":[],"outgoing":[{"resourceId":"sid-FE445421-3C2F-4F28-A30B-277A39A1C79D"}],"bounds":{"lowerRight":{"x":609.9999734014286,"y":262.9999857172379},"upperLeft":{"x":509.99997340142863,"y":182.9999857172379}},"dockers":[]},{"resourceId":"sid-FE445421-3C2F-4F28-A30B-277A39A1C79D","properties":{"overrideid":"","name":"","documentation":"","conditionsequenceflow":"","executionlisteners":"","defaultflow":"false","skipexpression":"","showdiamondmarker":false},"stencil":{"id":"SequenceFlow"},"childShapes":[],"outgoing":[{"resourceId":"sid-E69A8E2D-5CBD-42B3-8907-D803B804F4A8"}],"bounds":{"lowerRight":{"x":654.6484354499312,"y":223.40972514597203},"upperLeft":{"x":610.6288781566507,"y":223.21916158193616}},"dockers":[{"x":50,"y":40},{"x":20.5,"y":20.5}],"target":{"resourceId":"sid-E69A8E2D-5CBD-42B3-8907-D803B804F4A8"}},{"resourceId":"sid-8050DB06-537B-4BD7-B077-4D18F53DBDC5","properties":{"overrideid":"goToAPICALL","name":"","documentation":"","conditionsequenceflow":"","executionlisteners":"","defaultflow":false,"skipexpression":"","showdiamondmarker":false},"stencil":{"id":"SequenceFlow"},"childShapes":[],"outgoing":[{"resourceId":"sid-97C61C8F-8035-49BA-AFA1-0198A547AD0E"}],"bounds":{"lowerRight":{"x":249.9148571023724,"y":222.99998777359804},"upperLeft":{"x":210.6751231394044,"y":222.99998777359804}},"dockers":[{"x":50.00000000000003,"y":40},{"x":29.970138294241906,"y":40.00000205636013}],"target":{"resourceId":"sid-97C61C8F-8035-49BA-AFA1-0198A547AD0E"}},{"resourceId":"sid-A5BAF656-56A9-419E-B01F-5F3DAE46CE6E","properties":{"overrideid":"","name":"","documentation":"","conditionsequenceflow":"","executionlisteners":"","defaultflow":"false","skipexpression":""},"stencil":{"id":"SequenceFlow"},"childShapes":[],"outgoing":[{"resourceId":"sid-61FF6B1A-B071-4D7A-8D7D-FADE9D794671"}],"bounds":{"lowerRight":{"x":109.78124418156273,"y":222.99998715},"upperLeft":{"x":70.76562345982542,"y":222.99998666551826}},"dockers":[{"x":15.000000000000002,"y":15},{"x":50.00000000000003,"y":40}],"target":{"resourceId":"sid-61FF6B1A-B071-4D7A-8D7D-FADE9D794671"}},{"resourceId":"sid-CD8BDBAF-9021-4B92-993C-E5BC175A309B","properties":{"overrideid":"","name":"","documentation":"","conditionsequenceflow":"","executionlisteners":"","defaultflow":"false","skipexpression":"","showdiamondmarker":false},"stencil":{"id":"SequenceFlow"},"childShapes":[],"outgoing":[{"resourceId":"sid-7C806D62-3A35-47BE-973B-B4314F110110"}],"bounds":{"lowerRight":{"x":860.0148810657613,"y":339.9999530613472},"upperLeft":{"x":820.408061126705,"y":339.9999530613472}},"dockers":[{"x":50,"y":40.000000000000014},{"x":20.751592930651896,"y":40.00001564621601}],"target":{"resourceId":"sid-7C806D62-3A35-47BE-973B-B4314F110110"}},{"resourceId":"sid-42D08794-24AF-4967-9DF1-6D4FA47EE532","properties":{"overrideid":"","name":"","documentation":"","conditionsequenceflow":"","executionlisteners":"","defaultflow":"false","skipexpression":"","showdiamondmarker":false},"stencil":{"id":"SequenceFlow"},"childShapes":[],"outgoing":[{"resourceId":"sid-64B52CE0-592D-4BEB-BEDB-604252BBC529"}],"bounds":{"lowerRight":{"x":1160.4998826533647,"y":339.9999757483618},"upperLeft":{"x":1150.9248895291303,"y":250.32029019191566}},"dockers":[{"x":68.19996178894803,"y":40.00000704079786},{"x":1160.4998826533647,"y":339.9999757483618},{"x":20.5,"y":20.5}],"target":{"resourceId":"sid-64B52CE0-592D-4BEB-BEDB-604252BBC529"}},{"resourceId":"sid-F0F706EA-0288-4665-B10D-8A6F784BF529","properties":{"overrideid":"","name":"","documentation":"","conditionsequenceflow":"","executionlisteners":"","defaultflow":"false","skipexpression":"","showdiamondmarker":false},"stencil":{"id":"SequenceFlow"},"childShapes":[],"outgoing":[{"resourceId":"sid-F255AE7A-DEFD-42B6-B330-D928B841AC41"}],"bounds":{"lowerRight":{"x":1423.9998529255508,"y":215.79683523660572},"upperLeft":{"x":1210.4999253870965,"y":99.99998956918827}},"dockers":[{"x":50,"y":40},{"x":1423.9998529255508,"y":99.99998956918827},{"x":14.000000000000227,"y":14}],"target":{"resourceId":"sid-F255AE7A-DEFD-42B6-B330-D928B841AC41"}},{"resourceId":"sid-61B30766-BFD2-4A13-B3E4-39787DC6CFC0","properties":{"overrideid":"","name":"No Fraud","documentation":"","conditionsequenceflow":{"expression":{"type":"static","staticValue":""}},"executionlisteners":"","defaultflow":true,"skipexpression":"","showdiamondmarker":false},"stencil":{"id":"SequenceFlow"},"childShapes":[],"outgoing":[{"resourceId":"sid-B7540EE4-92B6-4BE5-AAA1-A84B5EF837B6"}],"bounds":{"lowerRight":{"x":719.8392779007627,"y":339.9999530613472},"upperLeft":{"x":675.4999917298557,"y":243.6132676198623}},"dockers":[{"x":20.5,"y":20.5},{"x":675.4999917298557,"y":339.9999530613472},{"x":13.53431557954093,"y":40}],"target":{"resourceId":"sid-B7540EE4-92B6-4BE5-AAA1-A84B5EF837B6"}},{"resourceId":"sid-B7540EE4-92B6-4BE5-AAA1-A84B5EF837B6","properties":{"overrideid":"decisionTable","name":"No Fraud Pre checks","documentation":"","asynchronousdefinition":"false","exclusivedefinition":"false","executionlisteners":"","multiinstance_type":"None","multiinstance_variableaggregations":"","multiinstance_cardinality":"","multiinstance_collection":"","multiinstance_variable":"","multiinstance_condition":"","isforcompensation":"false","decisiontaskdecisiontablereference":{"id":"4c52ff2c-4452-11f0-abf5-405bd80d5786","name":"Loan Decision","key":"LoanDecision"},"decisiontaskdecisionservicereference":null,"decisiontaskthrowerroronnohits":"false","decisiontaskfallbacktodefaulttenant":"false","type":"http://b3mn.org/stencilset/bpmn2.0#UserTask","usertaskassignment":"","formkeydefinition":"","formreference":"","formfieldvalidation":true,"duedatedefinition":"","prioritydefinition":"","formproperties":"","tasklisteners":"","skipexpression":"","categorydefinition":"","taskidvariablename":""},"stencil":{"id":"DecisionTask"},"childShapes":[],"outgoing":[{"resourceId":"sid-CD8BDBAF-9021-4B92-993C-E5BC175A309B"}],"bounds":{"lowerRight":{"x":819.9999624490757,"y":379.9999530613472},"upperLeft":{"x":719.9999624490757,"y":299.9999530613472}},"dockers":[]},{"resourceId":"sid-7C806D62-3A35-47BE-973B-B4314F110110","properties":{"scriptformat":"groovy","scripttext":"import org.slf4j.Logger\nimport org.slf4j.LoggerFactory\n\nLogger log = LoggerFactory.getLogger(\"flowable.script\")\n\n// Retrieve risk from process variables\nboolean risk = execution.getVariable(\"risk\")\n\n// Set risktablebased on risk value\nString risktable= risk ? \"High Risk\" : \"Low Risk\"\n\n// Store RiskTable in Flowable process variable\nexecution.setVariable(\"risktable\", risktable)\n\nlog.info(\"Risk evaluation completed: {}\", risktable)","overrideid":"","name":"Convert Risk","documentation":"","asynchronousdefinition":"false","exclusivedefinition":"false","executionlisteners":"","multiinstance_type":"None","multiinstance_variableaggregations":"","multiinstance_cardinality":"","multiinstance_collection":"","multiinstance_variable":"","multiinstance_condition":"","skipexpression":"","isforcompensation":"false","scriptautostorevariables":"false"},"stencil":{"id":"ScriptTask"},"childShapes":[],"outgoing":[{"resourceId":"sid-057C9089-1A91-43BD-A2C0-A218F5D3F54A"}],"bounds":{"lowerRight":{"x":960.1998893559071,"y":379.99993741513117},"upperLeft":{"x":860.1998893559071,"y":299.99993741513117}},"dockers":[]},{"resourceId":"sid-057C9089-1A91-43BD-A2C0-A218F5D3F54A","properties":{"overrideid":"","name":"","documentation":"","conditionsequenceflow":"","executionlisteners":"","defaultflow":"false","skipexpression":""},"stencil":{"id":"SequenceFlow"},"childShapes":[],"outgoing":[{"resourceId":"sid-3F4B5D18-CEF3-4309-9498-A8553A5A0C3C"}],"bounds":{"lowerRight":{"x":1049.3257141730446,"y":339.99996035287705},"upperLeft":{"x":960.874123550342,"y":339.9999457698181}},"dockers":[{"x":50,"y":40},{"x":50,"y":40.00000000000003}],"target":{"resourceId":"sid-3F4B5D18-CEF3-4309-9498-A8553A5A0C3C"}},{"resourceId":"sid-A1644DBB-2A79-4701-8D7F-EEB10EE62538","properties":{"scriptformat":"groovy","scripttext":"import org.slf4j.Logger\nimport org.slf4j.LoggerFactory\n\nLogger log = LoggerFactory.getLogger(\"flowable.script\")\n\nexecution.setVariable(\"status\", \"approved\")\nlog.info(\"Process status set to: approved\")","overrideid":"processapprove","name":"Set Process Approve Status","documentation":"","asynchronousdefinition":"false","exclusivedefinition":"false","executionlisteners":"","multiinstance_type":"None","multiinstance_variableaggregations":"","multiinstance_cardinality":"","multiinstance_collection":"","multiinstance_variable":"","multiinstance_condition":"","skipexpression":"","isforcompensation":"false","scriptautostorevariables":"false","type":"http://b3mn.org/stencilset/bpmn2.0#ServiceTask","servicetasktriggerable":true,"servicetaskclass":"","servicetaskexpression":"","servicetaskdelegateexpression":"","servicetaskfields":"","servicetaskexceptions":"","servicetaskresultvariable":"","servicetaskuselocalscopeforresultvariable":"false","servicetaskfailedjobretrytimecycle":"","servicetaskstoreresultvariabletransient":"false"},"stencil":{"id":"ScriptTask"},"childShapes":[],"outgoing":[{"resourceId":"sid-793B7363-5BF2-4140-83CD-C1EEF6336BE7"}],"bounds":{"lowerRight":{"x":1384.9999350681935,"y":269.99996818602415},"upperLeft":{"x":1284.9999350681935,"y":189.99996818602415}},"dockers":[]},{"resourceId":"sid-793B7363-5BF2-4140-83CD-C1EEF6336BE7","properties":{"overrideid":"","name":"","documentation":"","conditionsequenceflow":"","executionlisteners":"","defaultflow":"false","skipexpression":""},"stencil":{"id":"SequenceFlow"},"childShapes":[],"outgoing":[{"resourceId":"sid-F255AE7A-DEFD-42B6-B330-D928B841AC41"}],"bounds":{"lowerRight":{"x":1409.0936157603385,"y":229.99996181074036},"upperLeft":{"x":1385.3670770046965,"y":229.99995880752414}},"dockers":[{"x":50,"y":40},{"x":14,"y":14}],"target":{"resourceId":"sid-F255AE7A-DEFD-42B6-B330-D928B841AC41"}},{"resourceId":"sid-6E31A077-4F0E-4CF4-8F0C-E1D3622D4100","properties":{"overrideid":"","name":"Fraud Detected","documentation":"","conditionsequenceflow":{"expression":{"type":"static","staticValue":"${apiResultResult == 'Fraud'}"}},"executionlisteners":"","defaultflow":false,"skipexpression":"","showdiamondmarker":false},"stencil":{"id":"SequenceFlow"},"childShapes":[],"outgoing":[{"resourceId":"sid-9B80725F-C14C-43E5-BC97-70B0FAF3FD96"}],"bounds":{"lowerRight":{"x":739.3280800767259,"y":203.36248900007945},"upperLeft":{"x":674.3999611139297,"y":99.99999374151281}},"dockers":[{"x":19.399969384074097,"y":7.399995818734141},{"x":674.3999611139297,"y":99.99999374151281},{"x":50,"y":40}],"target":{"resourceId":"sid-9B80725F-C14C-43E5-BC97-70B0FAF3FD96"}},{"resourceId":"sid-E78E3F31-5D54-447B-927F-4354B2F9DE09","properties":{"overrideid":"","name":"","documentation":"","conditionsequenceflow":"","executionlisteners":"","defaultflow":"false","skipexpression":"","showdiamondmarker":false},"stencil":{"id":"SequenceFlow"},"childShapes":[],"outgoing":[{"resourceId":"sid-3F8BABB3-9A10-438A-8A0E-13C97D156FCE"}],"bounds":{"lowerRight":{"x":949.7577156373993,"y":100.44253524494},"upperLeft":{"x":840.3553997137949,"y":100.13948227387387}},"dockers":[{"x":50,"y":40.00000000000001},{"x":20.5,"y":20.5}],"target":{"resourceId":"sid-3F8BABB3-9A10-438A-8A0E-13C97D156FCE"}},{"resourceId":"sid-63A71ADA-293E-4272-94E8-5E0083F7C256","properties":{"overrideid":"","name":"To Manager","documentation":"","conditionsequenceflow":"","executionlisteners":"","defaultflow":true,"skipexpression":"","showdiamondmarker":false},"stencil":{"id":"SequenceFlow"},"childShapes":[],"outgoing":[{"resourceId":"sid-3F4B5D18-CEF3-4309-9498-A8553A5A0C3C"}],"bounds":{"lowerRight":{"x":1049.6225568522364,"y":319.9999757483618},"upperLeft":{"x":970.4998930096715,"y":120.36327249178495}},"dockers":[{"x":20.5,"y":20.5},{"x":970.4998930096715,"y":319.9999757483618},{"x":33.19995532184441,"y":20.00000704079785}],"target":{"resourceId":"sid-3F4B5D18-CEF3-4309-9498-A8553A5A0C3C"}},{"resourceId":"sid-042338D4-F738-450C-9896-1B5BE4941EB4","properties":{"overrideid":"","name":"rejected","documentation":"","conditionsequenceflow":"","executionlisteners":"","defaultflow":true,"skipexpression":""},"stencil":{"id":"SequenceFlow"},"childShapes":[],"outgoing":[{"resourceId":"sid-47F22C2C-595E-4C84-AF10-585DC7F91EEC"}],"bounds":{"lowerRight":{"x":1160.4179360090554,"y":209.10936222614617},"upperLeft":{"x":1160.1560986778563,"y":140.7616974851808}},"dockers":[{"x":20.5,"y":20.5},{"x":50,"y":40}],"target":{"resourceId":"sid-47F22C2C-595E-4C84-AF10-585DC7F91EEC"}},{"resourceId":"sid-DED735ED-E564-482F-82CA-A0D5D0A7D669","properties":{"overrideid":"","name":"Yes","documentation":"","conditionsequenceflow":{"expression":{"type":"static","staticValue":"${approval == true}"}},"executionlisteners":"","defaultflow":false,"skipexpression":""},"stencil":{"id":"SequenceFlow"},"childShapes":[],"outgoing":[{"resourceId":"sid-47F22C2C-595E-4C84-AF10-585DC7F91EEC"}],"bounds":{"lowerRight":{"x":1109.404229614703,"y":100.4465726015454},"upperLeft":{"x":990.7459882653975,"y":100.13348829224232}},"dockers":[{"x":20.5,"y":20.5},{"x":50,"y":40}],"target":{"resourceId":"sid-47F22C2C-595E-4C84-AF10-585DC7F91EEC"}},{"resourceId":"sid-6F667B7C-5C67-48A6-821D-8E92691D05AC","properties":{"overrideid":"","name":"approved","documentation":"","conditionsequenceflow":{"expression":{"type":"static","staticValue":"${decisionManager == \"Approved\"}"}},"executionlisteners":"","defaultflow":false,"skipexpression":"","showdiamondmarker":false},"stencil":{"id":"SequenceFlow"},"childShapes":[],"outgoing":[{"resourceId":"sid-A1644DBB-2A79-4701-8D7F-EEB10EE62538"}],"bounds":{"lowerRight":{"x":1284.4393179087551,"y":230.49997809529475},"upperLeft":{"x":1180.5382727875194,"y":230.49997809529475}},"dockers":[{"x":20.5,"y":20.5},{"x":27.807068658409207,"y":40.5000099092706}],"target":{"resourceId":"sid-A1644DBB-2A79-4701-8D7F-EEB10EE62538"}}],"stencil":{"id":"BPMNDiagram"},"stencilset":{"namespace":"http://b3mn.org/stencilset/bpmn2.0#","url":"../editor/stencilsets/bpmn2.0/bpmn2.0.json"}}}