{"id":"4c52ff2c-4452-11f0-abf5-405bd80d5786","name":"Loan Decision","key":"LoanDecision","description":null,"editorJson":{"id":"4c52ff2c-4452-11f0-abf5-405bd80d5786","modelVersion":"3","name":"Loan Decision","key":"LoanDecision","forceDMN11":false,"hitIndicator":"FIRST","inputExpressions":[{"id":"3","variableId":"loanammount","variableType":null,"type":"number","label":"loan Ammount","entries":[],"newVariable":false,"complexExpression":false},{"id":"4","variableId":"age","variableType":null,"type":"number","label":"age","entries":[],"newVariable":false,"complexExpression":false}],"outputExpressions":[{"id":"6","variableId":"risk","variableType":null,"type":"boolean","label":"Fraud Suspicion","entries":[],"newVariable":false,"complexExpression":false}],"rules":[{"6":"true","3_expression":500,"3_operator":">=","4_expression":60,"4_operator":">"}]}}